Code,Name,Year,Date,Lat,Long,Water Level,Abun,Emer,Float,Sub,Terr,Native,Exotic
AL,Alexander Bay,2006,2006-07-25,45.05309,-80.0031,176.17,34,7,2,25,0,33,1
AT,Au Train,2002,2002-06-07,46.43334,-86.81681,176.22,31,4,7,20,0,31,0
BD,Baie du Dore,1998,1998-07-23,44.3367,-81.5557,176.93,3,1,0,2,0,3,0
BW1,Batchawana 1,2004,2004-07-14,46.9125768,-84.5984835,176.39,4,2,0,2,0,4,0
BW2,Batchawana 2,2004,2004-07-14,46.9310817,-84.5364386,176.39,4,2,0,2,0,4,0
BYM,Bayfield Marsh,2000,2000-07-06,44.19758,-76.365,176.11,15,3,7,5,0,12,2
BV,Beaverstone,2016,2016-08-04,45.98327,-81.14625,176.783,26,3,3,17,3,25,1
BV,Beaverstone,2016,2016-08-04,45.98376,-81.14799,176.783,26,3,3,17,3,25,1
BV,Beaverstone,2016,2016-08-04,45.98327,-81.14669,176.783,26,3,3,17,3,25,1
BV,Beaverstone,2016,2016-08-04,45.985,-81.1462,176.783,26,3,3,17,3,25,1
BV,Beaverstone,2016,2016-08-04,45.98446,-81.14744,176.783,26,3,3,17,3,25,1
BV,Beaverstone,2016,2016-08-04,45.9846,-81.1466,176.783,26,3,3,17,3,25,1
BV,Beaverstone,2006,2006-08-09,45.98478,-81.14576,176.16,39,10,4,25,0,37,1
BC,Big Creek (Teeterville),1996,1996-07-02,42.5809697,-81.8498767,176.81,14,4,3,7,0,14,0
BC,Big Creek (Teeterville),2004,2004-08-10,42.5838597,-80.4656535,176.36,15,7,2,6,0,15,0
BP,Big Pond - Pelee,2005,2005-06-21,41.96565,-82.52061,176.21,24,2,7,15,0,21,3
BTB,Big Tub,2005,2005-08-01,45.25504,-81.68142,176.21,3,0,0,3,0,3,0
BTB,Big Tub,2006,2006-08-15,45.25504,-81.68142,176.22,3,0,0,3,0,3,0
BTB,Big Tub,2007,2007-08-21,45.25504,-81.68142,175.86,7,0,0,7,0,7,0
BTB,Big Tub,2008,2008-09-17,45.25504,-81.68142,176.26,9,2,0,7,0,8,1
BTB,Big Tub,2010,2010-11-02,45.25504,-81.68142,175.98,10,4,0,6,0,10,0
BTB,Big Tub,2011,2011-09-14,45.25504,-81.68142,176.21,11,3,0,8,0,10,1
BTB,Big Tub,2013,2013-09-03,45.25504,-81.68142,176.144,11,2,0,9,0,10,1
BTB,Big Tub,2014,2014-08-20,45.25504,-81.68142,176.447,9,2,0,7,0,8,1
BTB,Big Tub,2015,2015-08-21,45.25504,-81.68142,176.791,12,5,0,7,0,10,1
BTB,Big Tub,2016,2016-08-17,45.25504,-81.68142,176.79,16,5,1,10,0,14,1
BLR,Black Rock,2006,2006-06-27,45.04197,-79.9728,176.11,36,9,5,22,0,36,0
BLK1,Blackstone Bay 1,2000,2000-08-22,45.1763003,-80.0025598,176.07,27,3,5,19,0,27,0
BB,Blessington Bay,2002,2002-07-24,44.167,-77.333,176.3,27,6,6,15,0,23,3
BG,Boat Passage,2005,2005-07-06,45.28953,-81.71899,176.18,29,9,1,19,0,27,2
BG,Boat Passage,2005,2005-08-01,45.28953,-81.71899,176.21,29,9,1,19,0,27,2
BG,Boat Passage,2006,2006-08-15,45.28953,-81.71899,176.22,14,5,0,9,0,13,1
BG,Boat Passage,2007,2007-08-21,45.28953,-81.71899,175.86,19,7,0,12,0,17,2
BG,Boat Passage,2008,2008-09-16,45.28953,-81.71899,176.2,16,6,0,10,0,15,1
BG,Boat Passage,2010,2010-11-02,45.28953,-81.71899,175.98,17,6,0,11,0,16,1
BG,Boat Passage,2011,2011-08-31,45.28953,-81.71899,176.18,17,6,0,11,0,16,1
BG,Boat Passage,2013,2013-09-09,45.28953,-81.71899,176.023,18,7,0,11,0,17,1
BG,Boat Passage,2014,2014-08-21,45.28953,-81.71899,176.482,19,6,1,12,0,18,1
BG,Boat Passage,2015,2015-08-26,45.28953,-81.71899,176.77,16,6,0,10,0,15,1
BG,Boat Passage,2016,2016-08-18,45.28953,-81.71899,176.799,17,5,0,12,0,14,2
BG,Boat Passage,2017,2017-08-25,45.28953,-81.71899,176.973,18,4,0,14,0,15,2
BR,Bronte Creek,2002,2002-07-04,43.3934,-79.71546,176.38,10,6,3,1,0,8,1
BR,Bronte Creek,2006,2006-08-31,43.3934,-79.71546,176.06,10,7,2,1,0,8,1
BU,Buckhorn,2001,2001-07-25,43.0563,-78.9712,176.06,12,2,2,8,0,12,0
CHI,Charles Inlet,2016,2016-07-12,45.64784,-80.56547,176.784,30,6,4,14,6,27,3
CHI,Charles Inlet,2016,2016-07-12,45.64759,-80.5688,176.784,30,6,4,14,6,27,3
CHI,Charles Inlet,2016,2016-07-12,45.64667,-80.56487,176.784,30,6,4,14,6,27,3
CHI,Charles Inlet,2016,2016-07-12,45.64758,-80.56789,176.784,30,6,4,14,6,27,3
CHI,Charles Inlet,2016,2016-07-12,45.64794,-80.56721,176.784,30,6,4,14,6,27,3
CHI,Charles Inlet,2016,2016-07-12,45.64763,-80.56867,176.784,30,6,4,14,6,27,3
CHI,Charles Inlet,2016,2016-07-12,45.64755,-80.56487,176.784,30,6,4,14,6,27,3
CHI,Charles Inlet,2016,2016-07-12,45.64755,-80.56636,176.784,30,6,4,14,6,27,3
CHI,Charles Inlet,2005,2005-08-14,45.6439249,-80.5731661,176.19,18,2,0,16,0,18,0
CHI,Charles Inlet,2004,2004-07-07,45.64623,-80.56799,176.29,11,2,3,6,0,11,0
CW,Chippewa Park,1998,1998-07-12,48.3387,-89.2157,176.9,2,1,1,0,0,2,0
CW,Chippewa Park,2002,2002-06-05,48.3321662,-89.2019312,176.25,2,1,1,0,0,2,0
CL,Christie Lake,1996,1996-08-01,44.783333,-76.466666,176.8,16,6,1,9,0,16,0
CLB,Cloud Bay,2001,2001-08-17,48.0814294,-89.441168,176.07,24,7,2,15,0,24,0
CLB,Cloud Bay,2002,2002-06-05,48.0828,-89.4372,176.25,25,8,2,15,0,25,0
CFR,Coffin Rock,2006,2006-06-28,45.04797,-79.98839,176.12,37,6,4,26,0,35,1
CGL,Cognashene Lake,2008,2008-07-10,44.95845,-79.91205,176.25,27,5,5,17,0,27,0
CO,Collingwood Harbour,1998,1998-07-02,44.5092,-80.2326,176.91,3,2,0,1,0,3,0
CP,Cootes Paradise,1994,1994-07-15,43.26667,-79.91672,176.8,10,6,3,1,0,8,0
CP,Cootes Paradise,1996,1996-08-01,43.26667,-79.91672,176.8,11,6,1,4,0,9,0
CP,Cootes Paradise,1998,1998-07-20,43.26667,-79.91672,176.89,13,6,3,4,0,10,1
CP,Cootes Paradise,2002,2002-06-19,43.2697324,-79.9177285,176.28,14,4,3,7,0,12,2
CP,Cootes Paradise,2003,2003-07-11,43.2687637,-79.9203463,175.98,14,4,3,7,0,10,2
CRB,Corbman Bay,2016,2016-07-06,45.40874,-80.34263,176.813,30,5,4,15,6,29,1
CRB,Corbman Bay,2016,2016-07-06,45.40765,-80.34079,176.813,30,5,4,15,6,29,1
CRB,Corbman Bay,2016,2016-07-06,45.40809,-80.34106,176.813,30,5,4,15,6,29,1
CRB,Corbman Bay,2016,2016-07-06,45.40912,-80.34127,176.813,30,5,4,15,6,29,1
CRB,Corbman Bay,2016,2016-07-06,45.40855,-80.34081,176.813,30,5,4,15,6,29,1
CRB,Corbman Bay,2016,2016-07-06,45.40874,-80.34264,176.813,30,5,4,15,6,29,1
CRB,Corbman Bay,2016,2016-07-06,45.4094,-80.34055,176.813,30,5,4,15,6,29,1
CRB,Corbman Bay,2016,2016-07-06,45.40875,-80.34265,176.813,30,5,4,15,6,29,1
CRB,Corbman Bay,2016,2016-07-06,45.41477,-80.3481,176.813,30,5,4,15,6,29,1
CRB,Corbman Bay,2006,2006-06-19,45.40907,-80.34146,176.14,32,5,5,22,0,32,0
CM,Cormican Bay,2016,2016-07-07,45.40565,-80.30556,176.82,35,6,4,18,7,32,3
CM,Cormican Bay,2016,2016-07-07,45.40588,-80.30813,176.82,35,6,4,18,7,32,3
CM,Cormican Bay,2016,2016-07-07,45.4052,-80.30649,176.82,35,6,4,18,7,32,3
CM,Cormican Bay,2016,2016-07-07,45.40529,-80.30542,176.82,35,6,4,18,7,32,3
CM,Cormican Bay,2016,2016-07-07,45.40522,-80.3623,176.82,35,6,4,18,7,32,3
CM,Cormican Bay,2016,2016-07-07,45.40592,-80.30853,176.82,35,6,4,18,7,32,3
CM,Cormican Bay,2016,2016-07-07,45.40554,-80.30751,176.82,35,6,4,18,7,32,3
CM,Cormican Bay,2003,2003-08-11,45.40765,-80.31288333,176.01,21,4,2,15,0,21,0
CM,Cormican Bay,2006,2006-06-20,45.40607,-80.30735,176.16,25,5,2,18,0,25,0
CN,Cove Island North,2005,2005-07-06,45.3134,-81.76227,176.18,53,14,2,37,0,48,5
CN,Cove Island North,2005,2005-08-17,45.3134,-81.76227,176.17,53,14,2,37,0,48,5
CN,Cove Island North,2005,2005-08-01,45.3134,-81.76227,176.21,53,14,2,37,0,48,5
CN,Cove Island North,2006,2006-08-15,45.3134,-81.76227,176.22,10,3,0,7,0,9,1
CN,Cove Island North,2007,2007-08-21,45.3134,-81.76227,175.86,13,4,0,9,0,12,1
CN,Cove Island North,2008,2008-09-18,45.3134,-81.76227,176.17,12,4,0,8,0,11,1
CN,Cove Island North,2010,2010-11-02,45.3134,-81.76227,175.98,17,6,0,11,0,15,2
CN,Cove Island North,2011,2011-08-31,45.3134,-81.76227,176.18,14,5,0,9,0,13,1
CN,Cove Island North,2013,2013-09-09,45.3134,-81.76227,176.023,12,6,0,6,0,11,1
CN,Cove Island North,2014,2014-08-21,45.3134,-81.76227,176.482,21,7,1,13,0,19,2
CN,Cove Island North,2015,2015-08-26,45.3134,-81.76227,176.77,13,5,0,8,0,11,2
CN,Cove Island North,2016,2016-08-18,45.3134,-81.76227,176.799,15,4,0,11,0,12,2
CN,Cove Island North,2017,2017-08-25,45.3134,-81.76227,176.973,16,4,0,12,0,14,1
CR,Credit River,2002,2002-05-28,43.5521894,-79.5952979,176.17,8,4,1,3,0,7,0
DA,Darlington,2001,2001-06-28,43.873,-78.797,176.06,9,3,2,4,0,6,2
DV,David's Bay,2004,2004-06-15,45.0475,-80.0038,176.3,60,12,6,42,0,60,0
DV,David's Bay,2004,2004-09-01,45.0475,-80.0038,176.3,60,12,6,42,0,60,0
DV,David's Bay,2015,2015-09-03,45.04562,-79.9997,176.674,30,9,4,12,5,29,1
DV,David's Bay,2015,2015-09-03,45.04618,-79.9997,176.674,30,9,4,12,5,29,1
DV,David's Bay,2015,2015-09-03,45.04546,-79.99899,176.674,30,9,4,12,5,29,1
DV,David's Bay,2015,2015-09-03,45.04779,-80.00184,176.674,30,9,4,12,5,29,1
DV,David's Bay,2015,2015-09-03,45.04749,-80.00115,176.674,30,9,4,12,5,29,1
DV,David's Bay,2015,2015-09-03,45.04831,-80.00269,176.674,30,9,4,12,5,29,1
DV,David's Bay,2015,2015-09-03,45.04745,-80.00145,176.674,30,9,4,12,5,29,1
DV,David's Bay,2015,2015-09-03,45.04787,-80.00162,176.674,30,9,4,12,5,29,1
DV,David's Bay,2006,2006-07-26,45.04436,-80.00179,176.16,30,8,4,18,0,30,0
DH,Dead Horse Bay,2005,2005-08-09,46.10463,-84.84595,176.22,23,8,2,13,0,23,0
DI,Deer Island,2016,2016-08-04,45.9611,-6,176.783,31,7,4,16,4,29,1
DI,Deer Island,2016,2016-08-04,45.86017,-6,176.783,31,7,4,16,4,29,1
DI,Deer Island,2016,2016-08-04,45.96004,-5,176.783,31,7,4,16,4,29,1
DI,Deer Island,2016,2016-08-04,45.96049,-3,176.783,31,7,4,16,4,29,1
DI,Deer Island,2016,2016-08-04,45.96087,-3,176.783,31,7,4,16,4,29,1
DI,Deer Island,2016,2016-08-04,45.96088,-10,176.783,31,7,4,16,4,29,1
DI,Deer Island,2016,2016-08-04,45.96011,-6,176.783,31,7,4,16,4,29,1
DI,Deer Island,2016,2016-08-04,45.9588,-80.36583,176.783,31,7,4,16,4,29,1
DI,Deer Island,2011,2011-07-24,45.95867,-79.85777,176.23,30,7,3,20,0,30,0
DI,Deer Island,2006,2006-08-10,45.95841,-79.94875,176.16,27,6,2,19,0,26,1
DF,Dogfish Bay,2017,2017-08-06,46.08146,-79.85865,176.997,23,5,5,12,1,22,1
DF,Dogfish Bay,2017,2017-08-06,46.08017,-79.85872,176.997,23,5,5,12,1,22,1
DF,Dogfish Bay,2017,2017-08-06,46.08112,-81.7366,176.997,23,5,5,12,1,22,1
DF,Dogfish Bay,2017,2017-08-06,46.08112,-81.7366,176.997,23,5,5,12,1,22,1
DF,Dogfish Bay,2017,2017-08-06,46.08219,-81.73425,176.997,23,5,5,12,1,22,1
DF,Dogfish Bay,2017,2017-08-06,46.08082,-81.73423,176.997,23,5,5,12,1,22,1
DF,Dogfish Bay,2017,2017-08-06,46.08233,-81.73398,176.997,23,5,5,12,1,22,1
DF,Dogfish Bay,2005,2005-08-12,46.08091,-80.36583,176.17,24,5,5,14,0,23,1
EC,East Cranberry,2005,2005-06-22,41.97153,-82.50759,176.2,17,4,4,9,0,15,1
EB,Echo Bay,1998,1998-07-15,46.49453,-84.07597,176.9,6,2,0,4,0,6,0
EB,Echo Bay,2000,2000-07-16,46.49453,-84.07597,176.14,12,2,1,9,0,12,0
EB,Echo Bay,2002,2002-07-17,46.4946,-84.055,176.36,12,2,1,9,0,12,0
FMC,Fifteen Mile Creek,2002,2002-05-23,43.16693,-79.31668,176.22,18,6,6,6,0,16,1
FG,Flag River,2002,2002-06-07,46.78667,-91.38778,176.22,25,6,4,15,0,25,0
FL,Flat Point,2006,2006-08-16,46.09308,-81.896,176.14,18,6,0,12,0,18,0
FP,Francis Point,2016,2016-07-06,45.41436,-80.33634,176.813,26,5,4,11,6,24,2
FP,Francis Point,2016,2016-07-06,45.41474,-80.33567,176.813,26,5,4,11,6,24,2
FP,Francis Point,2016,2016-07-06,45.41382,-80.33578,176.813,26,5,4,11,6,24,2
FP,Francis Point,2016,2016-07-06,45.41393,-80.33435,176.813,26,5,4,11,6,24,2
FP,Francis Point,2016,2016-07-06,45.41403,-80.33586,176.813,26,5,4,11,6,24,2
FP,Francis Point,2016,2016-07-06,45.41412,-80.33489,176.813,26,5,4,11,6,24,2
FP,Francis Point,2016,2016-07-06,45.41771,-80.33765,176.813,26,5,4,11,6,24,2
FP,Francis Point,2016,2016-07-06,45.41432,-80.3346,176.813,26,5,4,11,6,24,2
FP,Francis Point,2016,2016-07-06,45.41443,-80.33623,176.813,26,5,4,11,6,24,2
FP,Francis Point,2006,2006-06-21,45.41439,-80.33293,176.09,25,4,2,19,0,25,0
FRM,French River Main,2005,2005-07-25,45.96796,-80.88779,176.24,29,6,4,18,0,27,1
FB,Frenchman's Bay,1998,1998-06-18,43.8224,-79.0949,176.89,6,2,0,4,0,5,1
FB,Frenchman's Bay,2001,2001-08-01,43.81233,-79.09467,175.97,11,2,3,6,0,9,2
GP,Gagan's Pond,2004,2004-08-10,46.18951,-82.28385,176.36,14,5,2,7,0,14,0
GY,Ganyon Bay,2016,2016-08-18,44.92009,-79.81607,176.799,27,4,3,15,4,25,1
GY,Ganyon Bay,2016,2016-08-18,44.92091,-79.8171,176.799,27,4,3,15,4,25,1
GY,Ganyon Bay,2016,2016-08-18,44.92002,-79.81645,176.799,27,4,3,15,4,25,1
GY,Ganyon Bay,2016,2016-08-18,44.92226,-79.82381,176.799,27,4,3,15,4,25,1
GY,Ganyon Bay,2016,2016-08-18,44.92283,-79.82012,176.799,27,4,3,15,4,25,1
GY,Ganyon Bay,2016,2016-08-18,44.92202,-79.81877,176.799,27,4,3,15,4,25,1
GY,Ganyon Bay,2016,2016-08-18,44.92301,-79.82066,176.799,27,4,3,15,4,25,1
GY,Ganyon Bay,2016,2016-08-18,44.92223,-79.82389,176.799,27,4,3,15,4,25,1
GY,Ganyon Bay,2005,2005-08-04,44.92052,-79.81763,176.21,27,5,4,18,0,26,1
GY,Ganyon Bay,2009,2009-08-11,44.91995,-79.81976,176.47,22,4,3,15,0,21,1
GC,Garden Channel,2003,2003-07-22,45.18628333,-80.12146667,176.04,22,7,1,14,0,22,0
GC,Garden Channel,2017,2017-07-04,45.18736,-80.12172,176.937,23,2,3,13,5,22,1
GC,Garden Channel,2017,2017-07-04,45.18724,-80.12165,176.937,23,2,3,13,5,22,1
GC,Garden Channel,2017,2017-07-04,45.18772,-80.12114,176.937,23,2,3,13,5,22,1
GC,Garden Channel,2017,2017-07-04,45.18737,-80.12077,176.937,23,2,3,13,5,22,1
GC,Garden Channel,2017,2017-07-04,45.18638,-80.12122,176.937,23,2,3,13,5,22,1
GC,Garden Channel,2017,2017-07-04,45.1875,-80.12029,176.937,23,2,3,13,5,22,1
GC,Garden Channel,2017,2017-07-04,45.18936,-80.12029,176.937,23,2,3,13,5,22,1
GC,Garden Channel,2004,2004-06-23,45.18506,-80.12245,176.33,22,7,1,14,0,22,0
GOB,Goose Bay,2002,2002-06-24,44.35005,-75.86671,176.27,27,8,6,13,0,23,3
GN,Goose Neck Bay,2004,2004-06-22,45.20688,-80.10749,176.33,13,2,3,8,0,13,0
GN,Goose Neck Bay,2017,2017-07-06,45.20581,-80.11615,176.959,23,2,3,14,4,20,3
GN,Goose Neck Bay,2017,2017-07-06,45.20279,-80.114,176.959,23,2,3,14,4,20,3
GN,Goose Neck Bay,2017,2017-07-06,45.2024,-80.11368,176.959,23,2,3,14,4,20,3
GN,Goose Neck Bay,2017,2017-07-06,45.20595,-80.116,176.959,23,2,3,14,4,20,3
GN,Goose Neck Bay,2017,2017-07-06,45.20393,-80.1108,176.959,23,2,3,14,4,20,3
GN,Goose Neck Bay,2017,2017-07-06,45.20996,-80.11228,176.959,23,2,3,14,4,20,3
GN,Goose Neck Bay,2017,2017-07-06,45.20387,-80.11178,176.959,23,2,3,14,4,20,3
GN,Goose Neck Bay,2017,2017-07-06,45.21033,-80.11116,176.959,23,2,3,14,4,20,3
GN,Goose Neck Bay,2017,2017-07-06,45.20368,-80.11295,176.959,23,2,3,14,4,20,3
GX,Goulais River Oxbow,1998,1998-07-17,46.7227013,-84.4127218,176.92,6,1,2,3,0,6,0
GR,Grand River,1998,1998-07-03,42.8839,-79.5722,176.9,4,1,1,2,0,3,1
GRB,Grass Bay,2002,2002-06-24,44.1594477,-76.275951,176.27,10,1,0,9,0,9,0
GI,Green Island,2003,2003-07-08,44.78833333,-79.74403333,176.04,29,4,4,21,0,26,2
GI,Green Island,2004,2004-06-02,44.78861667,-79.749,176.24,25,6,5,14,0,24,1
GI,Green Island,2015,2015-09-02,44.78504,-79.74682,176.69,28,7,5,14,2,25,1
GI,Green Island,2015,2015-09-02,44.78488,-79.74686,176.69,28,7,5,14,2,25,1
GI,Green Island,2015,2015-09-02,44.78633,-79.7488,176.69,28,7,5,14,2,25,1
GI,Green Island,2015,2015-09-02,44.78611,-79.74886,176.69,28,7,5,14,2,25,1
GI,Green Island,2016,2016-08-25,44.78485,-79.74583,176.868,32,8,3,17,4,31,0
GI,Green Island,2016,2016-08-25,44.78484,-79.74706,176.868,32,8,3,17,4,31,0
GI,Green Island,2016,2016-08-25,44.78473,-79.74618,176.868,32,8,3,17,4,31,0
GI,Green Island,2016,2016-08-25,44.78518,-79.74789,176.868,32,8,3,17,4,31,0
GI,Green Island,2016,2016-08-25,44.78507,-79.74673,176.868,32,8,3,17,4,31,0
GI,Green Island,2016,2016-08-25,44.785,-79.74557,176.868,32,8,3,17,4,31,0
GI,Green Island,2016,2016-08-25,44.78528,-79.74758,176.868,32,8,3,17,4,31,0
GI,Green Island,2009,2009-08-18,44.78574,-79.74797,176.48,24,7,4,13,0,22,1
GI2,Green Island (SE),2009,2009-06-10,44.77422,-79.73767,176.4,18,5,3,10,0,17,1
HBO,Hay Bay (Ontario),1996,1996-08-27,44.16675,-76.93335,176.77,20,5,3,12,0,20,0
HBO,Hay Bay (Ontario),2000,2000-07-13,44.16675,-76.93335,176.11,21,4,5,12,0,19,2
HBO,Hay Bay (Ontario),2002,2002-07-24,44.16675,-76.93335,176.3,12,0,5,7,0,10,2
HB1,Hay Bay 1,2005,2005-07-04,45.24089,-81.68385,176.17,38,11,4,23,0,36,2
HB1,Hay Bay 1,2005,2005-08-01,45.24089,-81.68385,176.21,38,11,4,23,0,36,2
HB1,Hay Bay 1,2006,2006-08-15,45.24089,-81.68385,176.22,16,6,1,9,0,15,1
HB1,Hay Bay 1,2007,2007-08-21,45.24089,-81.68385,175.86,12,4,1,7,0,11,1
HB1,Hay Bay 1,2008,2008-09-17,45.24089,-81.68385,176.26,10,4,1,5,0,9,1
HB1,Hay Bay 1,2009,2009-08-20,45.24089,-81.68385,176.4,14,5,1,8,0,12,1
HB1,Hay Bay 1,2010,2010-11-02,45.24089,-81.68385,175.98,16,5,1,10,0,14,1
HB1,Hay Bay 1,2011,2011-09-09,45.24089,-81.68385,176.12,15,5,1,9,0,13,1
HB1,Hay Bay 1,2013,2013-09-23,45.24089,-81.68385,176.003,15,5,1,9,0,12,2
HB1,Hay Bay 1,2014,2014-08-18,45.24089,-81.68385,176.442,16,7,1,8,0,13,2
HB1,Hay Bay 1,2015,2015-08-01,45.24089,-81.68385,176.763,21,9,1,11,0,18,2
HB1,Hay Bay 1,2016,2016-08-09,45.24089,-81.68385,176.764,15,4,1,10,0,12,2
HB2,Hay Bay 2,2005,2005-07-07,45.23341,-81.69424,176.17,26,9,1,16,0,24,2
HB2,Hay Bay 2,2005,2005-08-01,45.23341,-81.69424,176.21,26,9,1,16,0,24,2
HB2,Hay Bay 2,2006,2006-08-15,45.23341,-81.69424,176.22,13,5,0,8,0,12,1
HB2,Hay Bay 2,2007,2007-08-21,45.23341,-81.69424,175.86,15,4,2,9,0,14,1
HB2,Hay Bay 2,2008,2008-09-17,45.23341,-81.69424,176.26,14,5,2,7,0,13,1
HB2,Hay Bay 2,2009,2009-08-20,45.23341,-81.69424,176.4,15,6,3,6,0,13,1
HB2,Hay Bay 2,2010,2010-11-02,45.23341,-81.69424,175.98,18,6,2,10,0,16,1
HB2,Hay Bay 2,2013,2013-09-23,45.23341,-81.69424,176.003,20,7,2,11,0,18,1
HB2,Hay Bay 2,2014,2014-08-18,45.23341,-81.69424,176.442,20,7,2,11,0,18,1
HB2,Hay Bay 2,2015,2015-08-28,45.23341,-81.69424,176.706,19,7,2,10,0,17,1
HB2,Hay Bay 2,2016,2016-08-19,45.23341,-81.69424,176.772,17,5,2,10,0,15,1
HB3,Hay Bay 3,2005,2005-08-01,45.23391,-81.70129,176.21,6,3,0,3,0,5,1
HB3,Hay Bay 3,2006,2006-08-15,45.23391,-81.70129,176.22,12,4,1,7,0,11,1
HB3,Hay Bay 3,2007,2007-08-21,45.23391,-81.70129,175.86,14,5,1,8,0,13,1
HB3,Hay Bay 3,2008,2008-09-17,45.23391,-81.70129,176.26,12,6,0,6,0,10,1
HB3,Hay Bay 3,2010,2010-11-02,45.23391,-81.70129,175.98,16,5,0,11,0,14,1
HB3,Hay Bay 3,2011,2011-09-01,45.23391,-81.70129,176.16,14,5,0,9,0,12,1
HB3,Hay Bay 3,2013,2013-09-23,45.23391,-81.70129,176.003,16,7,0,9,0,14,1
HB3,Hay Bay 3,2014,2014-08-18,45.23391,-81.70129,176.442,21,7,1,13,0,18,2
HB3,Hay Bay 3,2015,2015-08-01,45.23391,-81.70129,176.763,14,5,1,8,0,12,1
HB3,Hay Bay 3,2016,2016-08-19,45.23391,-81.70129,176.772,15,4,0,11,0,13,1
HB3,Hay Bay 3,2017,2017-08-28,45.23391,-81.70129,176.888,14,4,0,10,0,11,2
HRM,Hermann's Bay,2004,2004-09-02,45.08638,79.99758,176.23,21,7,1,13,0,21,0
HRM,Hermann's Bay,2016,2016-06-21,45.08641,-79.85748,176.85,26,3,4,13,5,23,2
HRM,Hermann's Bay,2016,2016-06-21,45.08691,-79.85748,176.85,26,3,4,13,5,23,2
HRM,Hermann's Bay,2016,2016-06-21,45.08662,-79.85785,176.85,26,3,4,13,5,23,2
HRM,Hermann's Bay,2016,2016-06-21,45.08664,-79.85785,176.85,26,3,4,13,5,23,2
HRM,Hermann's Bay,2016,2016-06-21,45.0872,-79.85748,176.85,26,3,4,13,5,23,2
HRM,Hermann's Bay,2016,2016-06-21,45.08633,-79.85785,176.85,26,3,4,13,5,23,2
HRM,Hermann's Bay,2016,2016-06-21,45.08673,-6,176.85,26,3,4,13,5,23,2
HRM,Hermann's Bay,2005,2005-08-30,45.08632,-80.38539,176.12,29,6,5,18,0,28,1
HRM,Hermann's Bay,2009,2009-08-06,45.08632,-79.94875,176.47,28,6,5,17,0,28,0
HS,Hockeystick Bay,2005,2005-08-04,44.94461,-1,176.21,28,8,3,17,0,27,1
HG,Hog Bay,2015,2015-09-01,44.73217,-79.85852,176.693,24,5,4,11,3,22,1
HG,Hog Bay,2015,2015-09-01,44.733772,-79.85818,176.693,24,5,4,11,3,22,1
HG,Hog Bay,2015,2015-09-01,44.73285,-79.85865,176.693,24,5,4,11,3,22,1
HG,Hog Bay,2015,2015-09-01,44.73386,-79.8584,176.693,24,5,4,11,3,22,1
HG,Hog Bay,2015,2015-09-01,44.73218,-79.8584,176.693,24,5,4,11,3,22,1
HG,Hog Bay,2015,2015-09-01,44.733777,-79.85872,176.693,24,5,4,11,3,22,1
HG,Hog Bay,2015,2015-09-01,44.73386,-79.80099,176.693,24,5,4,11,3,22,1
HG,Hog Bay,2004,2004-06-07,44.7352,-80.36583,176.22,13,2,2,9,0,12,1
HW,Hole in the Wall,2015,2015-07-21,45.52364,-80.4379,176.78,24,5,4,13,2,24,0
HW,Hole in the Wall,2015,2015-07-21,45.5222,-80.43885,176.78,24,5,4,13,2,24,0
HW,Hole in the Wall,2015,2015-07-21,45.52141,-80.43948,176.78,24,5,4,13,2,24,0
HW,Hole in the Wall,2015,2015-07-21,45.52223,-80.4389,176.78,24,5,4,13,2,24,0
HW,Hole in the Wall,2015,2015-07-21,45.52217,-80.43892,176.78,24,5,4,13,2,24,0
HW,Hole in the Wall,2005,2005-06-01,45.52182,-80.43831,176.15,17,5,3,9,0,16,0
HO,Holiday Conservation,1996,1996-07-03,42.03335,-83.05,176.84,5,3,1,1,0,5,0
HUM,Humber River,1996,1996-07-04,43.6428,-79.4886,176.84,5,3,1,1,0,5,0
HUM,Humber River,2002,2002-05-28,43.61673,-79.48333,176.17,8,3,3,2,0,7,0
HC,Hurkett Cove,1998,1998-07-12,48.833,-88.5,176.9,5,2,2,1,0,5,0
HC,Hurkett Cove,2002,2002-06-06,48.8308,-88.4947,176.24,14,4,0,10,0,14,0
IR,Indian River,1998,1998-06-18,44.233333,-78.15,176.89,12,2,2,8,0,11,1
IB,Ingersoll Bay,2005,2005-08-23,45.28132,-80.25588,176.14,12,3,1,8,0,12,0
INK,Inukshuk Bay,2015,2015-07-22,45.5563,-80.38539,176.768,20,6,2,6,6,18,1
INK,Inukshuk Bay,2015,2015-07-22,45.5562,-80.38593,176.768,20,6,2,6,6,18,1
INK,Inukshuk Bay,2015,2015-07-22,45.55624,-80.38567,176.768,20,6,2,6,6,18,1
INK,Inukshuk Bay,2015,2015-07-22,45.5563,-80.38554,176.768,20,6,2,6,6,18,1
INK,Inukshuk Bay,2015,2015-07-22,45.55703,-80.38746,176.768,20,6,2,6,6,18,1
INK,Inukshuk Bay,2015,2015-07-22,45.5563,-80.38573,176.768,20,6,2,6,6,18,1
INK,Inukshuk Bay,2015,2015-07-22,45.55659,-80.38529,176.768,20,6,2,6,6,18,1
INK,Inukshuk Bay,2015,2015-07-22,45.55659,-80.38539,176.768,20,6,2,6,6,18,1
INK,Inukshuk Bay,2006,2006-07-05,45.55703,-80.38746,176.18,28,9,2,17,0,28,0
IO,Iona Island,2009,2009-07-07,45.14508,-84.84595,176.48,16,4,2,10,0,16,0
IQ,Iroquois Bay,2017,2017-08-03,46.08561,-9,176.914,26,3,5,17,1,24,1
IQ,Iroquois Bay,2017,2017-08-03,46.08573,-5,176.914,26,3,5,17,1,24,1
IQ,Iroquois Bay,2017,2017-08-03,46.085,-1,176.914,26,3,5,17,1,24,1
IQ,Iroquois Bay,2017,2017-08-03,46.08626,-6,176.914,26,3,5,17,1,24,1
IQ,Iroquois Bay,2017,2017-08-03,46.08625,-2,176.914,26,3,5,17,1,24,1
IQ,Iroquois Bay,2017,2017-08-03,46.08587,-3,176.914,26,3,5,17,1,24,1
IQ,Iroquois Bay,2017,2017-08-03,46.08569,-3,176.914,26,3,5,17,1,24,1
IQ,Iroquois Bay,2017,2017-08-03,46.08525,-80.36576,176.914,26,3,5,17,1,24,1
IQ,Iroquois Bay,2004,2004-08-05,46.08907,-79.94875,176.35,29,8,4,17,0,28,0
IQ,Iroquois Bay,2011,2011-07-28,46.08525,-79.85748,176.22,27,6,4,17,0,25,0
IP,Isle of Pines,2004,2004-07-08,45.59775,-79.85865,176.37,12,4,3,5,0,12,0
IP,Isle of Pines,2006,2006-07-11,45.59791,-79.8584,176.13,31,3,5,23,0,30,1
JW,Jay's Wetland,2009,2009-07-08,45.17532,-80.05919,176.46,21,6,4,10,0,20,0
JL,Joes Lake,1996,1996-08-26,45.133333,-76.683333,176.83,13,3,3,7,0,13,0
JN,Johnstown Creek,1998,1998-06-25,44.7321781,-75.5085734,176.89,11,1,2,8,0,10,1
JH,Jordan Harbour,1996,1996-08-06,43.1793,-79.3734,176.8,9,3,3,3,0,9,0
JH,Jordan Harbour,2002,2002-05-23,43.1731781,-79.3720005,176.22,6,2,3,1,0,4,0
JH,Jordan Harbour,2006,2006-08-30,43.1731781,-79.3720005,175.98,15,5,4,6,0,12,1
JB,Jumbo Bay,2017,2017-08-06,46.04904,-81.81864,176.997,17,4,0,12,1,13,2
JB,Jumbo Bay,2017,2017-08-06,46.04998,-81.82146,176.997,17,4,0,12,1,13,2
JB,Jumbo Bay,2017,2017-08-06,46.04948,-81.8203,176.997,17,4,0,12,1,13,2
JB,Jumbo Bay,2017,2017-08-06,46.04909,-81.8196,176.997,17,4,0,12,1,13,2
JB,Jumbo Bay,2017,2017-08-06,46.04959,-81.81981,176.997,17,4,0,12,1,13,2
JB,Jumbo Bay,2017,2017-08-06,46.04969,-81.82001,176.997,17,4,0,12,1,13,2
JB,Jumbo Bay,2017,2017-08-06,46.04991,-81.81973,176.997,17,4,0,12,1,13,2
JB,Jumbo Bay,2004,2004-08-09,46.0556,-81.81995,176.33,14,3,0,11,0,14,0
JB,Jumbo Bay,2005,2005-08-12,46.05244,-81.81858,176.17,10,1,0,9,0,10,0
JB,Jumbo Bay,2011,2011-08-02,46.04982,-81.81972,176.29,17,3,0,14,0,16,1
KB,Kenerick Bay,2017,2017-07-19,45.701,-80.59435,176.977,20,6,3,9,2,19,0
KB,Kenerick Bay,2017,2017-07-19,45.70064,-80.5941,176.977,20,6,3,9,2,19,0
KB,Kenerick Bay,2017,2017-07-19,45.70045,-80.59517,176.977,20,6,3,9,2,19,0
KB,Kenerick Bay,2017,2017-07-19,45.70133,-80.59556,176.977,20,6,3,9,2,19,0
KB,Kenerick Bay,2017,2017-07-19,45.70164,-80.59685,176.977,20,6,3,9,2,19,0
KB,Kenerick Bay,2007,2007-07-09,45.70097,-80.59583,176.08,22,3,3,16,0,22,0
KE,Key River,2016,2016-08-10,45.88372,-80.67863,176.784,26,4,5,13,3,24,1
KE,Key River,2016,2016-08-10,45.88561,-80.67319,176.784,26,4,5,13,3,24,1
KE,Key River,2016,2016-08-10,45.88567,-80.6745,176.784,26,4,5,13,3,24,1
KE,Key River,2016,2016-08-10,45.8855,-80.67855,176.784,26,4,5,13,3,24,1
KE,Key River,2016,2016-08-10,45.88614,-80.67823,176.784,26,4,5,13,3,24,1
KE,Key River,2016,2016-08-10,45.88573,-80.67585,176.784,26,4,5,13,3,24,1
KE,Key River,2016,2016-08-10,45.88579,-80.67811,176.784,26,4,5,13,3,24,1
KE,Key River,2003,2003-08-13,45.88741667,-80.67858333,176.01,27,8,4,15,0,26,1
KE2,Key River 2,2006,2006-07-18,45.88557,-80.69967,176.21,33,7,5,20,0,32,0
KE3,Key River 3,2016,2016-08-10,45.88443,-80.69176,176.784,22,3,4,11,3,21,0
KE3,Key River 3,2016,2016-08-10,45.88443,-80.69197,176.784,22,3,4,11,3,21,0
KE3,Key River 3,2016,2016-08-10,45.88548,-80.69238,176.784,22,3,4,11,3,21,0
KE3,Key River 3,2016,2016-08-10,45.88523,-80.69286,176.784,22,3,4,11,3,21,0
KE3,Key River 3,2016,2016-08-10,45.88492,-80.69167,176.784,22,3,4,11,3,21,0
KE3,Key River 3,2016,2016-08-10,45.8849,-80.69261,176.784,22,3,4,11,3,21,0
KE3,Key River 3,2016,2016-08-10,45.88568,-80.69376,176.784,22,3,4,11,3,21,0
KE3,Key River 3,2016,2016-08-10,45.88485,-80.69135,176.784,22,3,4,11,3,21,0
KE3,Key River 3,2006,2006-07-19,45.88612,-80.69537,176.14,29,9,4,15,0,27,0
KC,Kirk Creek,2004,2004-08-07,46.05806,-81.55288,176.35,33,7,6,20,0,32,1
LAC,La Cloche - Sturgeon,2006,2006-08-14,46.05883,-81.85058,176.15,48,15,0,33,0,48,0
LAC,La Cloche - Sturgeon,2006,2006-08-16,46.05834,-81.84924,176.14,48,15,0,33,0,48,0
LACin,La Cloche (inner),2017,2017-08-07,46.05822,-81.85055,176.974,14,5,0,8,1,13,0
LACin,La Cloche (inner),2017,2017-08-07,46.05799,-81.84855,176.974,14,5,0,8,1,13,0
LACin,La Cloche (inner),2017,2017-08-07,46.05984,-81.85036,176.974,14,5,0,8,1,13,0
LACin,La Cloche (inner),2017,2017-08-07,46.05846,-81.85125,176.974,14,5,0,8,1,13,0
LACin,La Cloche (inner),2011,2011-08-02,46.0582529,-81.8498767,176.29,22,5,0,17,0,22,0
LSC,Lake St. Claire,1999,1999-08-17,42.4922679,-82.63116,176.42,10,3,0,7,0,9,1
LSC,Lake St. Claire,2000,2000-07-26,42.4862028,-82.488644,176.07,11,3,0,8,0,10,1
LSP,Lake St. Patrick,2016,2016-06-23,44.97834,-79.92923,176.801,23,3,5,10,5,20,3
LSP,Lake St. Patrick,2016,2016-06-23,44.97705,-79.92873,176.801,23,3,5,10,5,20,3
LSP,Lake St. Patrick,2016,2016-06-23,44.97688,-79.92877,176.801,23,3,5,10,5,20,3
LSP,Lake St. Patrick,2016,2016-06-23,44.9778,-79.92994,176.801,23,3,5,10,5,20,3
LSP,Lake St. Patrick,2006,2006-08-23,44.97839,-79.93052,176.08,35,6,5,24,0,34,1
LF,Laughing Whitefish,2002,2002-06-07,46.5264427,-87.0255488,176.22,25,4,3,18,0,24,1
LY1,Lily Pond 1,2005,2005-08-31,44.87037,-79.81478,176.13,24,6,5,13,0,22,1
LY1,Lily Pond 1,2009,2009-06-11,44.87076,-79.81547,176.38,20,6,5,9,0,19,1
LQ,Little Cataraqui Creek,1998,1998-06-26,44.2811,-76.5163,176.92,4,1,0,3,0,4,0
LQ,Little Cataraqui Creek,2002,2002-07-22,44.2158088,-76.5476397,176.36,16,2,2,12,0,14,1
LTC,Little Current,2006,2006-08-12,45.9824,-81.95436,176.11,24,9,2,13,0,23,0
LS,Little Sodus,2001,2001-07-18,43.33942,-76.69447,176,26,6,7,13,0,22,3
LPB,Long Point Big Rice,2001,2001-07-31,42.5893,-80.3355,175.97,21,4,4,13,0,17,2
LPI,Long Point Inner Bay,2001,2001-07-04,42.5965,-80.3418,176.08,23,5,5,13,0,20,3
LPC,Long Point Inner Channel,2001,2001-06-27,42.5913,-80.3355,176.07,6,0,0,6,0,5,1
LPL,Long Point Little Rice,2000,2000-07-20,42.5893,-80.3355,176.13,28,9,5,14,0,23,3
LP,Long Point Park,1998,1998-07-08,42.58333,-80.38333,176.88,13,2,3,8,0,12,1
LG,Longuissa Bay,2003,2003-07-24,44.96723333,-79.89151667,176.05,26,2,4,20,0,25,1
LG,Longuissa Bay,2004,2004-06-28,44.96727,-79.89125,176.34,26,2,4,20,0,25,1
LG,Longuissa Bay,2006,2006-08-03,44.96828,-79.89311,176.21,33,10,5,17,0,31,1
LCH,Lost Channel,2016,2016-07-12,45.59378,-80.50874,176.784,28,5,4,13,5,25,1
LCH,Lost Channel,2016,2016-07-12,45.59448,-80.50778,176.784,28,5,4,13,5,25,1
LCH,Lost Channel,2016,2016-07-12,45.59398,-80.50821,176.784,28,5,4,13,5,25,1
LCH,Lost Channel,2016,2016-07-12,45.59397,-80.50924,176.784,28,5,4,13,5,25,1
LCH,Lost Channel,2016,2016-07-12,45.59394,-80.5097,176.784,28,5,4,13,5,25,1
LCH,Lost Channel,2016,2016-07-12,45.59382,-80.50893,176.784,28,5,4,13,5,25,1
LCH,Lost Channel,2016,2016-07-12,45.59409,-80.50826,176.784,28,5,4,13,5,25,1
LCH,Lost Channel,2016,2016-07-12,45.59447,-80.50768,176.784,28,5,4,13,5,25,1
LCH,Lost Channel,2006,2006-07-11,45.59346,-80.51059,176.13,24,6,3,15,0,23,0
LC,Lost Creek,2001,2001-08-16,46.85861,-91.13583,175.99,22,6,4,12,0,22,0
LC,Lost Creek,2017,2017-08-07,45.98209,-81.95429,176.974,18,3,3,11,1,17,0
LC,Lost Creek,2017,2017-08-07,45.982,-81.95538,176.974,18,3,3,11,1,17,0
LC,Lost Creek,2017,2017-08-07,45.98272,-81.95429,176.974,18,3,3,11,1,17,0
LC,Lost Creek,2017,2017-08-07,45.98294,-81.95448,176.974,18,3,3,11,1,17,0
LC,Lost Creek,2017,2017-08-07,45.98228,-81.95516,176.974,18,3,3,11,1,17,0
LC,Lost Creek,2017,2017-08-07,45.98239,-81.95542,176.974,18,3,3,11,1,17,0
MCY,Maceys Bay,2015,2015-07-06,44.84365,-79.7809,176.66,20,6,4,9,1,18,0
MCY,Maceys Bay,2015,2015-07-06,44.8438,-79.7826,176.66,20,6,4,9,1,18,0
MCY,Maceys Bay,2015,2015-07-06,44.8426,-79.78328,176.66,20,6,4,9,1,18,0
MCY,Maceys Bay,2015,2015-07-06,44.84375,-79.78097,176.66,20,6,4,9,1,18,0
MCY,Maceys Bay,2015,2015-07-06,44.84328,-79.78317,176.66,20,6,4,9,1,18,0
MCY,Maceys Bay,2015,2015-07-06,44.8442,-79.77947,176.66,20,6,4,9,1,18,0
MCY,Maceys Bay,2015,2015-07-06,44.84385,-79.7803,176.66,20,6,4,9,1,18,0
MAC,Madoma Creek,1998,1998-06-26,44.2538155,-76.5338701,176.92,9,1,0,8,0,9,0
MAC,Madoma Creek,2002,2002-07-22,44.2538155,-76.5338701,176.36,20,3,6,11,0,19,1
MB,Matchedash Bay,2003,2003-07-07,44.7552,-79.69648333,175.99,24,8,2,14,0,21,2
MB,Matchedash Bay,2015,2015-09-02,44.75388,-79.69038,176.69,19,3,1,15,0,16,2
MB,Matchedash Bay,2015,2015-09-02,44.75441,-79.6906,176.69,19,3,1,15,0,16,2
MB,Matchedash Bay,2009,2009-08-17,44.75885,-79.69687,176.45,24,7,2,15,0,21,1
MB,Matchedash Bay,2004,2004-06-03,44.7552,-79.69648333,176.25,48,16,4,28,0,42,4
MB,Matchedash Bay,2004,2004-07-27,44.7552,-79.69648333,176.35,48,16,4,28,0,42,4
MC,Michipicoten River,2004,2004-07-14,47.93336,-84.84595,176.39,9,2,0,7,0,9,0
MNC,Miner's Creek,2015,2015-08-08,45.06148,-79.94875,176.683,24,3,5,12,4,23,1
MNC,Miner's Creek,2015,2015-08-08,45.06155,-79.94825,176.683,24,3,5,12,4,23,1
MNC,Miner's Creek,2015,2015-08-08,45.06154,-79.94854,176.683,24,3,5,12,4,23,1
MNC,Miner's Creek,2015,2015-08-08,45.06172,-79.94697,176.683,24,3,5,12,4,23,1
MNC,Miner's Creek,2015,2015-08-08,45.06179,-79.14896,176.683,24,3,5,12,4,23,1
MNC,Miner's Creek,2015,2015-08-08,45.06183,-79.94731,176.683,24,3,5,12,4,23,1
MNC,Miner's Creek,2015,2015-08-08,45.06174,-79.94692,176.683,24,3,5,12,4,23,1
MNC,Miner's Creek,2006,2006-07-24,45.06153,-79.94913,176.12,35,5,4,25,0,32,1
MM,Mismer,2000,2000-07-16,46.0051,-84.4606,176.14,13,2,1,10,0,13,0
MR,Moon River,2003,2003-07-23,45.12053333,-79.975,176.04,22,8,4,9,0,20,1
MR2,Moon River 2,2017,2017-08-23,45.10878,-79.96582,177.087,16,3,3,6,4,16,0
MR2,Moon River 2,2017,2017-08-23,45.10935,-79.96505,177.087,16,3,3,6,4,16,0
MR2,Moon River 2,2017,2017-08-23,45.10951,-79.96753,177.087,16,3,3,6,4,16,0
MR2,Moon River 2,2017,2017-08-23,45.10911,-79.9653,177.087,16,3,3,6,4,16,0
MRF,Moon River Falls,2003,2003-07-23,45.10733333,-79.92995,176.04,12,6,1,5,0,12,0
ME,Moose Bay,2003,2003-07-22,45.0721,-80.04958333,176.04,24,3,3,18,0,24,0
ME,Moose Bay,2004,2004-06-14,45.0721,-80.04958333,176.29,12,3,3,6,0,11,1
MO,Moreaus Bay,2003,2003-07-21,45.01091667,-79.94571667,176.02,26,3,4,19,0,26,0
MO,Moreaus Bay,2015,2015-09-02,45.01457,-79.94488,176.69,23,3,5,12,3,22,1
MO,Moreaus Bay,2015,2015-09-02,45.0137,-79.94669,176.69,23,3,5,12,3,22,1
MO,Moreaus Bay,2015,2015-09-02,45.01389,-79.9451,176.69,23,3,5,12,3,22,1
MO,Moreaus Bay,2015,2015-09-02,45.01409,-79.94795,176.69,23,3,5,12,3,22,1
MO,Moreaus Bay,2015,2015-09-02,45.01407,-79.94781,176.69,23,3,5,12,3,22,1
MO,Moreaus Bay,2015,2015-09-02,45.01411,-79.94377,176.69,23,3,5,12,3,22,1
MO,Moreaus Bay,2009,2009-08-05,45.0146,-79.9451,176.49,24,5,5,13,0,22,1
MO,Moreaus Bay,2004,2004-06-16,45.01108,-79.94326,176.26,27,3,4,20,0,27,0
MUD,Mud Bay,2002,2002-06-25,44.0674984,-76.3353023,176.28,16,3,1,12,0,12,2
MUC,Muskellunge Creek,2002,2002-06-26,43.9752826,-76.0571381,176.32,23,7,5,11,0,20,1
MS,Musky Bay,2003,2003-07-09,44.8104,-79.78265,176.01,37,9,4,24,0,35,1
MS,Musky Bay,2004,2004-06-03,44.8104,-79.78265,176.25,37,9,4,24,0,35,1
MS,Musky Bay,2016,2016-08-24,44.81266,-79.78105,176.848,32,6,5,17,4,30,2
MS,Musky Bay,2016,2016-08-24,44.81145,-79.78207,176.848,32,6,5,17,4,30,2
MS,Musky Bay,2016,2016-08-24,44.81232,-79.78109,176.848,32,6,5,17,4,30,2
MS,Musky Bay,2016,2016-08-24,44.81311,-79.78046,176.848,32,6,5,17,4,30,2
MS,Musky Bay,2016,2016-08-24,44.81247,-79.78088,176.848,32,6,5,17,4,30,2
MS,Musky Bay,2016,2016-08-24,44.81265,-79.7803,176.848,32,6,5,17,4,30,2
MS,Musky Bay,2016,2016-08-24,44.81286,-79.78021,176.848,32,6,5,17,4,30,2
MS,Musky Bay,2009,2009-08-12,44.81197,-79.77945,176.46,32,9,5,18,0,29,1
MS2,Musky Bay 2,2009,2009-08-12,44.802,-79.76934,176.46,25,4,3,18,0,23,1
NN1,Naiscoot North 1,2004,2004-07-06,45.6666,-80.56533,176.3,14,2,5,7,0,13,1
NN2,Naiscoot North 2,2004,2004-07-06,45.67438,-80.57217,176.3,16,4,4,8,0,14,2
NS,Naiscoot South,2004,2004-07-07,45.63708,-80.53516,176.29,12,3,3,6,0,12,0
NP,Napanee River,1998,1998-06-24,44.1974056,-77.0169753,176.85,9,1,2,6,0,8,1
NJ,Nemadji River,2002,2002-06-07,46.6848695,-92.0377935,176.22,16,6,2,8,0,16,0
NI,Ni Bay,2015,2015-08-06,45.5125,-80.46489,176.73,22,4,5,10,3,21,1
NI,Ni Bay,2015,2015-08-06,45.51243,-80.46404,176.73,22,4,5,10,3,21,1
NI,Ni Bay,2015,2015-08-06,45.51281,-80.46393,176.73,22,4,5,10,3,21,1
NI,Ni Bay,2015,2015-08-06,45.51283,-80.46465,176.73,22,4,5,10,3,21,1
NI,Ni Bay,2015,2015-08-06,45.51292,-80.46423,176.73,22,4,5,10,3,21,1
NI,Ni Bay,2005,2005-05-31,45.5122232,-80.4650026,176.18,10,4,3,3,0,10,0
NB,North Bay,2016,2016-08-19,44.89724,-79.79484,176.772,34,4,5,19,5,32,1
NB,North Bay,2016,2016-08-19,44.89767,-79.79407,176.772,34,4,5,19,5,32,1
NB,North Bay,2016,2016-08-19,44.89719,-79.79442,176.772,34,4,5,19,5,32,1
NB,North Bay,2016,2016-08-19,44.89738,-79.79511,176.772,34,4,5,19,5,32,1
NB,North Bay,2016,2016-08-19,44.89823,-79.79443,176.772,34,4,5,19,5,32,1
NB,North Bay,2016,2016-08-19,44.89766,-79.79512,176.772,34,4,5,19,5,32,1
NB,North Bay,2005,2005-06-15,44.89638,-79.79377,176.21,24,6,4,14,0,24,0
NB,North Bay,2009,2009-08-10,44.89717,-79.79465,176.47,32,6,5,20,0,30,1
NB1,North Bay 1,2017,2017-06-14,44.89748,-79.79515,176.768,27,3,4,18,2,25,2
NB1,North Bay 1,2017,2017-06-14,44.89718,-79.79367,176.768,27,3,4,18,2,25,2
NB1,North Bay 1,2017,2017-06-14,44.89953,-79.79331,176.768,27,3,4,18,2,25,2
NB1,North Bay 1,2017,2017-06-14,44.89762,-79.7951,176.768,27,3,4,18,2,25,2
NB1,North Bay 1,2017,2017-06-14,44.89832,-79.79427,176.768,27,3,4,18,2,25,2
NB1,North Bay 1,2017,2017-06-14,44.89765,-79.79347,176.768,27,3,4,18,2,25,2
NB1,North Bay 1,2017,2017-06-14,44.89872,-79.79315,176.768,27,3,4,18,2,25,2
NB5,North Bay 5,2017,2017-06-15,44.88212,-79.80228,176.758,31,4,5,19,2,27,2
NB5,North Bay 5,2017,2017-06-15,44.88194,-79.80156,176.758,31,4,5,19,2,27,2
NB5,North Bay 5,2017,2017-06-15,44.88234,-79.80145,176.758,31,4,5,19,2,27,2
NB5,North Bay 5,2017,2017-06-15,44.88273,-79.80211,176.758,31,4,5,19,2,27,2
NB5,North Bay 5,2017,2017-06-15,44.88246,-79.8025,176.758,31,4,5,19,2,27,2
NB5,North Bay 5,2017,2017-06-15,44.8826,-79.80145,176.758,31,4,5,19,2,27,2
OB,Oak Bay,2003,2003-07-07,44.7963,-79.73158333,175.99,25,6,4,15,0,24,1
OB,Oak Bay,2015,2015-09-02,44.79739,-79.73811,176.69,25,4,4,17,0,24,0
OB,Oak Bay,2015,2015-09-02,44.7977,-79.73862,176.69,25,4,4,17,0,24,0
OB,Oak Bay,2015,2015-09-02,44.79795,-79.73876,176.69,25,4,4,17,0,24,0
OB,Oak Bay,2015,2015-09-02,44.79712,-79.73689,176.69,25,4,4,17,0,24,0
OB,Oak Bay,2015,2015-09-02,44.79725,-79.7375,176.69,25,4,4,17,0,24,0
OB,Oak Bay,2009,2009-08-20,44.79466,-79.73221,176.4,33,9,5,19,0,32,1
OB,Oak Bay,2004,2004-06-08,44.7963,-79.73158333,176.26,15,3,3,9,0,15,0
OJ,Ojibway Bay,2015,2015-07-08,44.88741,-79.85748,176.704,23,3,3,14,3,21,2
OJ,Ojibway Bay,2015,2015-07-08,44.88747,-79.85783,176.704,23,3,3,14,3,21,2
OJ,Ojibway Bay,2015,2015-07-08,44.88753,-79.85785,176.704,23,3,3,14,3,21,2
OJ,Ojibway Bay,2015,2015-07-08,44.88735,-79.85752,176.704,23,3,3,14,3,21,2
OJ,Ojibway Bay,2015,2015-07-08,44.88767,-79.85777,176.704,23,3,3,14,3,21,2
OJ,Ojibway Bay,2016,2016-08-18,44.88725,-79.85739,176.799,34,7,4,18,5,32,1
OJ,Ojibway Bay,2016,2016-08-18,44.88729,-79.85662,176.799,34,7,4,18,5,32,1
OJ,Ojibway Bay,2016,2016-08-18,44.88711,-79.88509,176.799,34,7,4,18,5,32,1
OJ,Ojibway Bay,2016,2016-08-18,44.88742,-79.85789,176.799,34,7,4,18,5,32,1
OJ,Ojibway Bay,2016,2016-08-18,44.88755,-79.85771,176.799,34,7,4,18,5,32,1
OJ,Ojibway Bay,2016,2016-08-18,44.88764,-79.85588,176.799,34,7,4,18,5,32,1
OJ,Ojibway Bay,2016,2016-08-18,44.88793,-79.85791,176.799,34,7,4,18,5,32,1
OJ,Ojibway Bay,2016,2016-08-18,44.88733,-79.85758,176.799,34,7,4,18,5,32,1
OJ,Ojibway Bay,2016,2016-08-18,44.89029,-79.84963,176.799,34,7,4,18,5,32,1
OJ,Ojibway Bay,2005,2005-06-14,44.88758,-79.85585,176.18,24,6,5,13,0,23,1
OJ,Ojibway Bay,2009,2009-06-24,44.88786,-79.85587,176.41,29,6,5,18,0,28,1
OW,Old Woman Creek,2001,2001-06-21,41.38217,-82.51453,176.04,1,0,1,0,0,1,0
OL,Oliphant Bay,1998,1998-07-23,44.73131,-81.28203,176.93,8,2,0,6,0,8,0
OT,Otter Bay,2005,2005-07-26,45.95403,-80.82421,176.2,31,10,4,17,0,30,1
PW,Pentwater,2000,2000-07-27,43.7628,-86.4078,176.05,16,6,2,8,0,13,2
PW,Pentwater,2001,2001-07-11,43.7628,-86.4078,176.11,16,6,2,8,0,13,2
PF,Perch River,2002,2002-06-24,43.9972569,-76.0824153,176.27,26,5,3,18,0,22,2
PE,Peshtigo,2001,2001-07-10,44.984,-87.6607,176.09,17,4,2,11,0,15,1
PEI,Phillip Edward Island,2008,2008-08-01,45.97165,-81.30824,176.28,25,5,3,17,0,24,1
PK,Pike River,2002,2002-07-25,47.0180266,-88.5268966,176.28,20,7,3,9,0,19,0
PB,Pine Bay,1998,1998-07-13,48.0336,-89.5232,176.9,4,3,0,1,0,4,0
PB,Pine Bay,2001,2001-08-14,48.0333,-89.5195,176.02,23,8,3,12,0,23,0
PR,Port Rawson,2003,2003-07-23,45.19511667,-80.0235,176.04,20,3,5,12,0,20,0
PRE,Port Rawson East,2004,2004-06-23,45.17973,-80.02022,176.33,20,3,5,12,0,20,0
PRW,Port Rawson West,2004,2004-06-23,45.19334,-80.02711,176.33,20,3,5,12,0,20,0
PC,Portage Creek,2001,2001-07-10,45.7061251,-87.0833098,176.09,8,0,0,8,0,7,1
POT,Potato Island,2015,2015-09-01,44.7934,-79.75677,176.693,30,7,5,17,1,28,1
PRQ,Presque Isle,2000,2000-07-17,42.159,-80.0985,176.14,22,5,3,14,0,20,2
PIP,Presqu'ile Prov Pk,1998,1998-08-27,44,-77.7306,176.76,15,2,4,9,0,15,0
PIP,Presqu'ile Prov Pk,2002,2002-07-31,44,-77.7306,176.37,35,9,6,20,0,31,3
PQN,Prisque Bay North,2017,2017-07-19,45.6914009,-80.5869075,176.977,23,3,5,13,2,21,2
PQN,Prisque Bay North,2017,2017-07-19,45.6914009,-80.5869075,176.977,23,3,5,13,2,21,2
PQN,Prisque Bay North,2017,2017-07-19,45.6914009,-80.5869075,176.977,23,3,5,13,2,21,2
PQN,Prisque Bay North,2017,2017-07-19,45.6914009,-80.5869075,176.977,23,3,5,13,2,21,2
PQN,Prisque Bay North,2017,2017-07-19,45.6914009,-80.5869075,176.977,23,3,5,13,2,21,2
PQN,Prisque Bay North,2017,2017-07-19,45.6914009,-80.5869075,176.977,23,3,5,13,2,21,2
PQN,Prisque Bay North,2007,2007-07-11,45.69062,-80.58799,176.15,25,5,5,15,0,25,0
PQS,Prisque Bay South,2017,2017-07-19,45.6860027,-80.5834457,176.977,19,4,4,10,1,17,2
PQS,Prisque Bay South,2017,2017-07-19,45.6860027,-80.5834457,176.977,19,4,4,10,1,17,2
PQS,Prisque Bay South,2017,2017-07-19,45.6860027,-80.5834457,176.977,19,4,4,10,1,17,2
PQS,Prisque Bay South,2017,2017-07-19,45.6860027,-80.5834457,176.977,19,4,4,10,1,17,2
PQS,Prisque Bay South,2017,2017-07-19,45.6860027,-80.5834457,176.977,19,4,4,10,1,17,2
PQS,Prisque Bay South,2017,2017-07-19,45.6860027,-80.5834457,176.977,19,4,4,10,1,17,2
PQS,Prisque Bay South,2017,2017-07-19,45.6860027,-80.5834457,176.977,19,4,4,10,1,17,2
PQS,Prisque Bay South,2007,2007-07-10,45.68716,-80.58268,176.03,29,4,5,20,0,29,0
PM,Pt. Mouillee,1998,1998-06-25,45.16667,-74.36667,176.89,7,2,1,4,0,7,0
QI,Quarry Island,2003,2003-07-10,44.834,-79.80968333,175.92,25,4,2,19,0,25,0
QI,Quarry Island,2004,2004-06-01,44.83216667,-79.8055,176.19,25,4,2,19,0,25,0
QI,Quarry Island,2016,2016-08-23,44.834,-79.80679,176.864,35,9,5,18,3,33,1
QI,Quarry Island,2016,2016-08-23,44.83498,-79.80997,176.864,35,9,5,18,3,33,1
QI,Quarry Island,2016,2016-08-23,44.83359,-79.80669,176.864,35,9,5,18,3,33,1
QI,Quarry Island,2016,2016-08-23,44.8327,-79.80719,176.864,35,9,5,18,3,33,1
QI,Quarry Island,2016,2016-08-23,44.8349,-79.80831,176.864,35,9,5,18,3,33,1
QI,Quarry Island,2016,2016-08-23,44.83497,-79.80965,176.864,35,9,5,18,3,33,1
QI,Quarry Island,2016,2016-08-23,44.83551,-79.80926,176.864,35,9,5,18,3,33,1
QI,Quarry Island,2009,2009-06-25,44.8351,-79.80897,176.43,25,6,3,15,0,23,1
RK,Rankin River,1998,1998-07-23,44.783333,-81.233333,176.93,13,4,3,6,0,13,0
RH,Redhead Pond,2005,2005-06-22,41.95378,-82.50657,176.2,18,2,5,11,0,15,3
RM2,Rhodes Marsh 2,2007,2007-08-01,45.52228,-80.46105,176.03,28,7,2,19,0,28,0
RB,Roberts Bay,2015,2015-07-08,44.85548,-79.82935,176.704,23,8,0,12,3,20,2
RB,Roberts Bay,2015,2015-07-08,44.85547,-79.82873,176.704,23,8,0,12,3,20,2
RB,Roberts Bay,2015,2015-07-08,44.85535,-79.82867,176.704,23,8,0,12,3,20,2
RB,Roberts Bay,2015,2015-07-08,44.8554,-79.82852,176.704,23,8,0,12,3,20,2
RB,Roberts Bay,2015,2015-07-08,44.85537,-79.82962,176.704,23,8,0,12,3,20,2
RB,Roberts Bay,2015,2015-07-08,44.85548,-79.82913,176.704,23,8,0,12,3,20,2
RB,Roberts Bay,2015,2015-07-08,44.85533,-79.82943,176.704,23,8,0,12,3,20,2
RB,Roberts Bay,2016,2016-08-23,44.85464,-79.83373,176.864,40,7,6,21,5,37,2
RB,Roberts Bay,2016,2016-08-23,44.85477,-79.83399,176.864,40,7,6,21,5,37,2
RB,Roberts Bay,2016,2016-08-23,44.85561,-79.83319,176.864,40,7,6,21,5,37,2
RB,Roberts Bay,2016,2016-08-23,44.85659,-79.83177,176.864,40,7,6,21,5,37,2
RB,Roberts Bay,2016,2016-08-23,44.85546,-79.83295,176.864,40,7,6,21,5,37,2
RB,Roberts Bay,2016,2016-08-23,44.85501,-79.83384,176.864,40,7,6,21,5,37,2
RB,Roberts Bay,2016,2016-08-23,44.85476,-79.83362,176.864,40,7,6,21,5,37,2
RB,Roberts Bay,2004,2004-06-01,44.8554,-79.82855,176.19,13,3,4,6,0,13,0
RB,Roberts Bay,2009,2009-06-16,44.85583,-79.83063,176.36,30,7,5,18,0,29,1
RN,Rondeau Bay,1998,1998-06-29,42.3007,-81.8553,176.83,10,2,0,8,0,10,0
RN,Rondeau Bay,2001,2001-07-23,42.288,-81.867,176.03,11,0,1,10,0,10,1
RS,Roseborough,2006,2006-08-22,44.99491,-79.92316,176.12,32,8,4,19,0,31,0
RUE,Russel Island East,2008,2008-09-16,45.26535,-81.69102,176.2,4,3,0,1,0,4,0
RUE,Russel Island East,2010,2010-11-02,45.26535,-81.69102,175.98,4,3,0,1,0,4,0
RUE,Russel Island East,2011,2011-08-25,45.26535,-81.69102,176.32,4,3,0,1,0,4,0
RUE,Russel Island East,2013,2013-09-05,45.26535,-81.69102,176.073,6,5,0,1,0,6,0
RUE,Russel Island East,2014,2014-08-20,45.26535,-81.69102,176.447,6,5,0,1,0,6,0
RUE,Russel Island East,2015,2015-08-24,45.26535,-81.69102,176.78,10,5,1,4,0,10,0
RUE,Russel Island East,2016,2016-08-17,45.26535,-81.69102,176.79,3,2,0,1,0,2,1
RUE,Russel Island East,2017,2017-08-25,45.26535,-81.69102,176.973,1,1,0,0,0,1,0
RUW,Russel Island West,2005,2005-07-14,45.26458,-81.70412,176.17,9,5,0,4,0,7,2
RUW,Russel Island West,2005,2005-08-01,45.26458,-81.70412,176.21,9,5,0,4,0,7,2
RUW,Russel Island West,2006,2006-08-15,45.26458,-81.70412,176.22,11,6,1,4,0,10,1
RUW,Russel Island West,2007,2007-08-21,45.26458,-81.70412,175.86,10,4,1,5,0,9,1
RUW,Russel Island West,2008,2008-09-16,45.26458,-81.70412,176.2,10,5,1,4,0,8,1
RUW,Russel Island West,2010,2010-11-02,45.26458,-81.70412,175.98,10,4,1,5,0,8,1
RUW,Russel Island West,2011,2011-08-25,45.26458,-81.70412,176.32,10,5,1,4,0,9,1
RUW,Russel Island West,2013,2013-09-05,45.26458,-81.70412,176.073,10,5,1,4,0,9,1
RUW,Russel Island West,2014,2014-08-20,45.26458,-81.70412,176.447,13,6,2,5,0,12,1
RUW,Russel Island West,2015,2015-08-26,45.26458,-81.70412,176.77,13,6,2,5,0,12,1
RUW,Russel Island West,2016,2016-08-17,45.26458,-81.70412,176.79,12,4,2,6,0,11,1
RUW,Russel Island West,2017,2017-08-28,45.26458,-81.70412,176.888,8,4,1,3,0,7,1
SAR,Salmon River,2002,2002-06-24,43.5700339,-76.2000712,176.27,22,6,5,11,0,17,4
SNP,Salt 'n Pepper,2007,2007-07-12,45.68535,-80.60071,176.11,30,7,5,18,0,30,0
SN,Sanctuary Pond - Pelee,2005,2005-06-21,41.98032,-82.54189,176.21,7,3,3,1,0,5,1
SND,Sand Channel,2006,2006-07-12,45.61271,-80.513,176.1,36,7,4,25,0,36,0
SC,Sandy Creek,2002,2002-06-21,43.70089,-76.19647,176.29,28,5,6,17,0,24,3
SI,Sandy Island,2003,2003-07-22,45.26865,-80.25065,176.04,7,0,0,7,0,7,0
SIL,Sandy Island Lake,2005,2005-08-24,45.27374,-80.25543,176.13,18,5,4,9,0,18,0
SIW,Sandy Island West,2005,2005-08-23,45.27659,-80.26755,176.14,25,7,2,16,0,24,1
SW,Sawguin Creek,1996,1996-08-27,44.1,-77.38333,176.77,12,3,2,7,0,12,0
SM,Second Marsh,1995,1995-07-07,43.875,-78.8132,176.66,14,7,3,4,0,13,1
SKP,Selkirk Prov' Park,1998,1998-07-08,42.8143405,-79.9606215,176.88,8,2,2,4,0,7,1
SHW,Shadow Bay,2006,2006-07-18,45.94855,-80.73524,176.21,28,5,3,20,0,28,0
SHR,Shawanaga River,2015,2015-07-22,45.56237,-80.36576,176.768,21,6,5,5,5,20,1
SHR,Shawanaga River,2015,2015-07-22,45.56237,-80.36583,176.768,21,6,5,5,5,20,1
SHR,Shawanaga River,2015,2015-07-22,45.56263,-80.36563,176.768,21,6,5,5,5,20,1
SHR,Shawanaga River,2015,2015-07-22,45.56269,-80.3653,176.768,21,6,5,5,5,20,1
SHR,Shawanaga River,2006,2006-07-04,45.56226,-80.36492,176.18,22,4,5,12,0,21,0
SX,Sioux River,2000,2000-08-22,46.7343,-90.8779,176.07,20,5,4,11,0,20,0
SOL,Solomons Bay,2008,2008-08-01,45.96975,-81.29564,176.28,29,10,4,15,0,27,1
SR,Spanish River,1998,1998-07-15,46.18339,-82.35,176.9,9,3,1,4,0,8,0
SR,Spanish River,2000,2000-07-15,46.17845,-82.34585,176.15,7,2,1,4,0,7,0
SR,Spanish River,2002,2002-07-03,46.18339,-82.31691,176.35,5,0,2,3,0,5,0
SP,Spicer Creek,2001,2001-08-09,43.02338,-78.89677,176.07,8,0,1,7,0,7,1
SIS,Strawberry Island,2011,2011-08-01,45.94104,-81.87431,176.3,18,5,1,12,0,17,0
SIS,Strawberry Island,2006,2006-08-11,45.93766,-81.87421,176.09,23,7,1,15,0,21,1
STM,Stump Lake,1996,1996-08-26,44.946666,-76.63666,176.83,14,3,3,8,0,14,0
STCR,Sturgeon Bay Central,2015,2015-08-03,45.61424,-80.41425,176.796,28,6,4,14,4,27,1
STCR,Sturgeon Bay Central,2015,2015-08-03,45.61499,-80.41724,176.796,28,6,4,14,4,27,1
STCR,Sturgeon Bay Central,2015,2015-08-03,45.61433,-80.41455,176.796,28,6,4,14,4,27,1
STCR,Sturgeon Bay Central,2015,2015-08-03,45.61477,-80.41684,176.796,28,6,4,14,4,27,1
STCR,Sturgeon Bay Central,2015,2015-08-03,45.61523,-80.41624,176.796,28,6,4,14,4,27,1
STCR,Sturgeon Bay Central,2003,2003-08-12,45.61781667,-80.4326,175.98,37,8,4,25,0,36,1
STCH,Sturgeon Bay Channel,2015,2015-08-04,45.5972,-80.40979,176.78,21,5,3,9,4,21,0
STCH,Sturgeon Bay Channel,2015,2015-08-04,45.59719,-80.40974,176.78,21,5,3,9,4,21,0
STCH,Sturgeon Bay Channel,2015,2015-08-04,45.59732,-80.40951,176.78,21,5,3,9,4,21,0
STCH,Sturgeon Bay Channel,2015,2015-08-04,45.59775,-80.40942,176.78,21,5,3,9,4,21,0
STCH,Sturgeon Bay Channel,2015,2015-08-04,45.5976,-80.40932,176.78,21,5,3,9,4,21,0
STS,Sturgeon Bay South,1998,1998-07-02,44.7374,-79.74236667,176.91,8,2,1,5,0,8,0
STS,Sturgeon Bay South,2015,2015-09-01,44.73945,-79.7381,176.693,16,3,0,13,0,14,2
STS,Sturgeon Bay South,2015,2015-09-01,44.73924,-79.73711,176.693,16,3,0,13,0,14,2
STS,Sturgeon Bay South,2015,2015-09-01,44.7395,-79.73812,176.693,16,3,0,13,0,14,2
STS,Sturgeon Bay South,2015,2015-09-01,44.74115,-79.74423,176.693,16,3,0,13,0,14,2
STS,Sturgeon Bay South,2015,2015-09-01,44.74083,-79.74298,176.693,16,3,0,13,0,14,2
STS,Sturgeon Bay South,2015,2015-09-01,44.74126,-79.7463,176.693,16,3,0,13,0,14,2
STS,Sturgeon Bay South,2004,2004-05-31,44.7374,-79.74236667,176.07,34,7,3,24,0,33,1
STS,Sturgeon Bay South,2004,2004-07-27,44.7374,-79.74236667,176.35,34,7,3,24,0,33,1
SGS,Sturgeon Bay Superior,1998,1998-07-13,48.1902,-89.3116,176.9,5,2,0,3,0,5,0
SU,Sturgeon River Slough,2002,2002-06-10,47.0083868,-88.4840379,176.19,17,6,3,8,0,17,0
SJ,Sugar John,2016,2016-08-06,45.93874,-81.17014,176.858,21,2,5,11,2,20,0
SJ,Sugar John,2016,2016-08-06,45.93834,-81.16756,176.858,21,2,5,11,2,20,0
SJ,Sugar John,2016,2016-08-06,45.93874,-81.17134,176.858,21,2,5,11,2,20,0
SJ,Sugar John,2016,2016-08-06,45.93846,-81.16891,176.858,21,2,5,11,2,20,0
SJ,Sugar John,2016,2016-08-06,45.93879,-81.16786,176.858,21,2,5,11,2,20,0
SJ,Sugar John,2016,2016-08-06,45.93847,-81.16963,176.858,21,2,5,11,2,20,0
SJ,Sugar John,2011,2011-07-24,45.93866,-81.17431,176.23,27,5,4,18,0,27,0
SJ,Sugar John,2006,2006-08-09,45.93866,-81.17431,176.16,28,5,4,19,0,28,0
TD,Tadenac Bay,2004,2004-09-02,45.0491445,-79.9764796,176.23,26,6,3,16,0,25,0
TD1,Tadenac Bay 1,2015,2015-08-08,45.03993,-79.98594,176.683,26,4,2,16,4,26,0
TD1,Tadenac Bay 1,2015,2015-08-08,45.03991,-79.98597,176.683,26,4,2,16,4,26,0
TD1,Tadenac Bay 1,2005,2005-07-18,45.03444,-79.99145,176.17,34,9,3,21,0,33,0
TD1,Tadenac Bay 1,2009,2009-08-06,45.03583,-79.99325,176.47,24,6,3,14,0,23,0
TD2,Tadenac Bay 2,2015,2015-08-08,45.04299,-79.98645,176.683,20,3,0,12,5,20,0
TD2,Tadenac Bay 2,2015,2015-08-08,45.04218,-79.98559,176.683,20,3,0,12,5,20,0
TD2,Tadenac Bay 2,2005,2005-07-19,45.03916,-79.98792,176.24,26,5,2,19,0,26,0
TD2,Tadenac Bay 2,2009,2009-08-06,45.03977,-79.98508,176.47,28,5,3,20,0,27,1
TD3,Tadenac Bay 3,2015,2015-08-18,45.05459,-79.96308,176.697,24,5,4,12,3,23,1
TD3,Tadenac Bay 3,2015,2015-08-18,45.05339,-79.96539,176.697,24,5,4,12,3,23,1
TD3,Tadenac Bay 3,2015,2015-08-18,45.05376,-79.96482,176.697,24,5,4,12,3,23,1
TD3,Tadenac Bay 3,2015,2015-08-18,45.05399,-79.96393,176.697,24,5,4,12,3,23,1
TD3,Tadenac Bay 3,2015,2015-08-18,45.05401,-79.9643,176.697,24,5,4,12,3,23,1
TD3,Tadenac Bay 3,2015,2015-08-18,45.05444,-79.96277,176.697,24,5,4,12,3,23,1
TD3,Tadenac Bay 3,2015,2015-08-18,45.0537,-79.96442,176.697,24,5,4,12,3,23,1
TD3,Tadenac Bay 3,2015,2015-08-18,45.05449,-79.96321,176.697,24,5,4,12,3,23,1
TDL,Tadenac Lake,2005,2005-07-19,45.03437,-79.95509,176.24,19,6,4,8,0,18,0
TQ,Tahquamenon River,2002,2002-06-08,46.5545268,-85.0290979,176.25,14,6,2,6,0,14,0
TY,Tay River,1996,1996-08-27,44.879166,-76.175,176.77,16,5,1,10,0,16,0
THB2,Thunder Bay 2,2006,2006-07-26,45.0532763,-79.9744638,176.16,35,9,3,22,0,34,0
TB,Treasure Bay,2015,2015-07-08,44.86885,-79.85865,176.704,23,3,2,17,1,22,0
TB,Treasure Bay,2015,2015-07-08,44.86907,-79.8584,176.704,23,3,2,17,1,22,0
TB,Treasure Bay,2015,2015-07-08,44.86902,-79.85852,176.704,23,3,2,17,1,22,0
TB,Treasure Bay,2015,2015-07-08,44.86937,-79.85818,176.704,23,3,2,17,1,22,0
TB,Treasure Bay,2015,2015-07-08,44.86922,-79.85833,176.704,23,3,2,17,1,22,0
TB,Treasure Bay,2016,2016-08-17,44.87086,-80.34492,176.79,29,4,4,19,2,29,0
TB,Treasure Bay,2016,2016-08-17,44.87151,-79.85725,176.79,29,4,4,19,2,29,0
TB,Treasure Bay,2016,2016-08-17,44.87042,-79.85745,176.79,29,4,4,19,2,29,0
TB,Treasure Bay,2016,2016-08-17,44.87247,-79.85932,176.79,29,4,4,19,2,29,0
TB,Treasure Bay,2016,2016-08-17,44.87305,-79.85737,176.79,29,4,4,19,2,29,0
TB,Treasure Bay,2016,2016-08-17,44.87212,-79.85716,176.79,29,4,4,19,2,29,0
TB,Treasure Bay,2016,2016-08-17,44.87263,-79.85898,176.79,29,4,4,19,2,29,0
TB,Treasure Bay,2005,2005-06-14,44.86854,-79.86049,176.18,25,5,2,18,0,23,1
TB,Treasure Bay,2009,2009-06-22,44.8719,-79.86013,176.4,28,7,4,17,0,26,2
TBN,Treasure Bay North,2004,2004-08-06,44.86887,-79.85853,176.37,31,9,5,17,0,30,1
TR,Tremblay Beach,1998,1998-06-29,42.3080775,-82.5160411,176.83,2,1,0,1,0,2,0
TC,Turkey Creek,1996,1996-08-09,41.9658422,-80.5287691,176.89,13,3,2,8,0,12,1
TP,Turkey Point,1998,1998-07-08,42.6686,-80.3532,176.88,17,3,2,12,0,17,0
TP,Turkey Point,2002,2002-06-19,42.63359,-80.3417,176.28,23,4,4,15,0,19,3
UP,Upper Canada Bird Sanctuary,1998,1998-07-25,44.9650521,-75.0203852,176.86,4,1,1,2,0,4,0
VB,Vincent's Bunk,2004,2004-08-06,46.05836,-81.62638,176.37,29,7,4,18,0,29,0
WAP,Waldon's Pond,2005,2005-07-27,45.92294,-80.87577,176.22,31,7,5,19,0,30,0
WAR,Wardrope Island,2004,2004-08-04,46.05052,-81.70634,176.37,13,4,0,9,0,13,0
WAR,Wardrope Island,2005,2005-08-09,46.05486,-81.71651,176.22,6,2,0,4,0,6,0
WTF,Waterfall Bay,2015,2015-07-23,45.56243,-80.34492,176.73,21,2,4,11,4,21,0
WTF,Waterfall Bay,2015,2015-07-23,45.56243,-80.34492,176.73,21,2,4,11,4,21,0
WTF,Waterfall Bay,2015,2015-07-23,45.56243,-80.34492,176.73,21,2,4,11,4,21,0
WTF,Waterfall Bay,2015,2015-07-23,45.56243,-80.34492,176.73,21,2,4,11,4,21,0
WTF,Waterfall Bay,2015,2015-07-23,45.56243,-80.34492,176.73,21,2,4,11,4,21,0
WTF,Waterfall Bay,2015,2015-07-23,45.56243,-80.34492,176.73,21,2,4,11,4,21,0
WTF,Waterfall Bay,2006,2006-07-05,45.56276,-80.34467,176.18,28,6,4,17,0,27,0
WEB,Weller's Bay,1998,1998-07-24,44.01679,-77.6167,176.92,18,2,3,13,0,17,1
WEB,Weller's Bay,2002,2002-07-22,44.01679,-77.6167,176.36,13,1,0,12,0,11,2
WE,West Bay,2016,2016-07-06,45.42067,-80.30676,176.813,29,4,5,12,8,27,2
WE,West Bay,2016,2016-07-06,45.42072,-80.30673,176.813,29,4,5,12,8,27,2
WE,West Bay,2016,2016-07-06,45.42045,-80.3059,176.813,29,4,5,12,8,27,2
WE,West Bay,2016,2016-07-06,45.42128,-80.30753,176.813,29,4,5,12,8,27,2
WE,West Bay,2016,2016-07-06,45.42024,-80.30455,176.813,29,4,5,12,8,27,2
WE,West Bay,2016,2016-07-06,45.42093,-80.30467,176.813,29,4,5,12,8,27,2
WE,West Bay,2016,2016-07-06,45.42124,-80.30729,176.813,29,4,5,12,8,27,2
WE,West Bay,2016,2016-07-06,45.42106,-80.30686,176.813,29,4,5,12,8,27,2
WE,West Bay,2003,2003-08-11,45.42228333,-80.30726667,176.01,25,4,5,16,0,25,0
WC,West Cranberry,2005,2005-06-22,41.97453,-82.5162,176.2,16,4,3,9,0,13,2
WS,West Fish Creek,2001,2001-08-22,46.5842,-90.9461,175.99,14,3,3,8,0,14,0
WL,West Lake,1998,1998-06-24,43.9259887,-77.2973111,176.85,7,1,0,6,0,7,0
WW,Wigwam Bay,2001,2001-07-12,43.9702,-83.8543,176.09,13,0,2,11,0,12,1
WK,Willowbank Marsh,1998,1998-06-26,44.31667,-76.21667,176.92,7,1,2,4,0,6,1
WIL,Wilson's Bay,2006,2006-08-22,44.99551,-79.95316,176.12,37,8,5,23,0,36,0
WT,Wiltse Lake (Jones),1998,1998-06-25,44.6,-75.95,176.89,9,2,2,5,0,9,0
WO,Woods Bay,2004,2004-06-15,45.1375438,-79.9884679,176.3,13,7,3,3,0,13,0
WY,Wye Marsh,1998,1998-07-02,44.7203,-79.8573,176.91,11,1,2,8,0,10,1
